Order ID,Created At,Total,Payment Id,Email
ord_00001,2026-08-18,1818.01,pay_00001,c998935@example.in
ord_00002,2026-08-18,4065.25,pay_00003,c071498@example.in
ord_00003,2026-08-17,7598.11,pay_00005,c633074@example.in
ord_00004,2026-08-17,7652.04,pay_00007,c255260@example.in
ord_00005,2026-08-18,1624.20,pay_00009,c790553@example.in
ord_00006,2026-08-16,2537.03,pay_00011,c439741@example.in
ord_00007,2026-08-18,4379.27,pay_00013,c512194@example.in
ord_00008,2026-08-17,3888.05,pay_00015,c325104@example.in
ord_00009,2026-08-17,6531.86,,c362625@example.in
ord_00010,2026-08-16,2610.16,pay_00019,c934538@example.in
ord_00011,2026-08-18,6688.21,pay_00021,c266308@example.in
ord_00012,2026-08-18,7484.65,pay_00023,c016863@example.in
ord_00013,2026-08-18,8747.72,pay_00025,c532193@example.in
ord_00014,2026-08-17,5515.73,pay_00027,c243383@example.in
ord_00015,2026-08-18,6798.87,pay_00029,c909595@example.in
ord_00016,2026-08-17,4407.24,pay_00031,c169581@example.in
ord_00017,2026-08-08,1154.86,pay_00033,c009180@example.in
ord_00018,2026-08-07,5672.87,pay_00035,c993104@example.in
ord_00019,2026-08-08,2297.23,pay_00037,c213987@example.in
ord_00020,2026-08-07,8046.43,pay_00039,c166284@example.in
ord_00021,2026-08-06,3549.06,pay_00041,c106424@example.in
ord_00022,2026-08-06,8750.46,pay_00043,c685520@example.in
ord_00023,2026-08-06,4602.02,pay_00045,c534873@example.in
ord_00024,2026-08-08,6890.33,pay_00047,c702694@example.in
ord_00025,2026-08-07,1091.16,pay_00049,c566066@example.in
ord_00026,2026-08-07,7710.39,pay_00051,c503940@example.in
ord_00027,2026-08-06,4149.83,pay_00053,c576002@example.in
ord_00028,2026-08-08,1898.94,pay_00055,c489393@example.in
ord_00029,2026-08-06,2296.38,pay_00057,c538369@example.in
ord_00030,2026-08-07,6495.55,pay_00059,c843658@example.in
ord_00031,2026-08-07,1761.66,pay_00061,c152238@example.in
ord_00032,2026-08-07,1529.13,,c459098@example.in
ord_00033,2026-08-07,575.89,pay_00065,c358380@example.in
ord_00034,2026-08-07,3652.99,pay_00067,c174652@example.in
ord_00035,2026-08-07,6621.40,pay_00069,c168826@example.in
ord_00036,2026-08-08,632.47,pay_00071,c267701@example.in
ord_00037,2026-08-09,3390.40,pay_00073,c408610@example.in
ord_00038,2026-08-08,1256.48,pay_00075,c158092@example.in
ord_00039,2026-08-08,3888.54,pay_00077,c628914@example.in
ord_00040,2026-08-09,7626.95,pay_00079,c898960@example.in
ord_00041,2026-08-07,1013.68,pay_00081,c381621@example.in
ord_00042,2026-08-07,3452.16,pay_00083,c390992@example.in
ord_00043,2026-08-07,6963.85,pay_00085,c937812@example.in
ord_00044,2026-08-07,2361.69,pay_00087,c609691@example.in
ord_00045,2026-08-09,1449.67,pay_00089,c339338@example.in
ord_00046,2026-08-08,6028.68,pay_00091,c089594@example.in
ord_00047,2026-08-09,8616.68,pay_00093,c325191@example.in
ord_00048,2026-08-08,6543.05,pay_00095,c561194@example.in
ord_00049,2026-08-07,7873.61,pay_00097,c749273@example.in
ord_00050,2026-08-07,591.42,pay_00099,c631612@example.in
ord_00051,2026-08-06,3385.46,pay_00101,c338534@example.in
ord_00052,2026-08-06,380.68,pay_00103,c379615@example.in
ord_00053,2026-08-05,2798.02,pay_00105,c478179@example.in
ord_00054,2026-08-07,6257.36,pay_00107,c747106@example.in
ord_00055,2026-08-05,3711.14,pay_00109,c191368@example.in
ord_00056,2026-08-07,8381.23,pay_00111,c614591@example.in
ord_00057,2026-08-06,5009.51,pay_00113,c560238@example.in
ord_00058,2026-08-16,6442.88,,c444624@example.in
ord_00059,2026-08-16,7100.33,pay_00117,c835120@example.in
ord_00060,2026-08-16,6461.63,pay_00119,c645195@example.in
ord_00061,2026-08-14,4988.55,pay_00121,c801043@example.in
ord_00062,2026-08-15,8647.79,pay_00123,c774670@example.in
ord_00063,2026-08-16,7129.78,pay_00125,c306218@example.in
ord_00064,2026-08-11,3139.56,pay_00127,c048802@example.in
ord_00065,2026-08-13,8325.24,pay_00129,c431599@example.in
ord_00066,2026-08-12,5150.33,pay_00131,c352569@example.in
ord_00067,2026-08-12,7980.24,,c821608@example.in
ord_00068,2026-08-11,4377.53,pay_00135,c561494@example.in
ord_00069,2026-08-13,5444.27,pay_00137,c335683@example.in
ord_00070,2026-08-12,2145.59,pay_00139,c772938@example.in
ord_00071,2026-08-13,6769.51,pay_00141,c641797@example.in
ord_00072,2026-07-30,353.35,pay_00143,c185280@example.in
ord_00073,2026-07-30,5880.82,pay_00145,c564302@example.in
ord_00074,2026-07-31,7895.90,,c441834@example.in
ord_00075,2026-08-01,1533.65,,c385000@example.in
ord_00076,2026-08-01,5477.81,pay_00151,c676408@example.in
ord_00077,2026-07-31,4762.39,pay_00153,c199024@example.in
ord_00078,2026-08-01,3923.93,pay_00155,c669666@example.in
ord_00079,2026-07-30,8834.55,pay_00157,c646060@example.in
ord_00080,2026-07-30,1917.60,pay_00159,c535915@example.in
ord_00081,2026-08-01,5059.58,pay_00161,c015843@example.in
ord_00082,2026-08-01,7651.83,,c288378@example.in
ord_00083,2026-08-11,2202.84,pay_00165,c014414@example.in
ord_00084,2026-08-10,6362.86,pay_00167,c732353@example.in
ord_00085,2026-08-12,6846.68,pay_00169,c978662@example.in
ord_00086,2026-08-10,8911.15,pay_00171,c507088@example.in
ord_00087,2026-08-11,3549.55,pay_00173,c417394@example.in
ord_00088,2026-08-12,5575.65,pay_00175,c508710@example.in
ord_00089,2026-08-12,6010.38,pay_00177,c868930@example.in
ord_00090,2026-08-12,8364.50,pay_00179,c859029@example.in
ord_00091,2026-08-10,3488.65,,c682908@example.in
ord_00092,2026-08-10,4455.03,pay_00183,c264918@example.in
ord_00093,2026-08-03,1053.97,pay_00185,c410621@example.in
ord_00094,2026-08-03,8644.00,pay_00187,c247125@example.in
ord_00095,2026-08-03,313.53,pay_00189,c862821@example.in
ord_00096,2026-08-04,4008.98,pay_00191,c575115@example.in
ord_00097,2026-08-02,4474.18,pay_00193,c347346@example.in
ord_00098,2026-08-02,3576.20,pay_00195,c868554@example.in
ord_00099,2026-08-03,8121.92,pay_00197,c571613@example.in
ord_00100,2026-08-15,7926.41,pay_00199,c571248@example.in
ord_00101,2026-08-14,2784.31,pay_00201,c636099@example.in
ord_00102,2026-08-16,7640.14,pay_00203,c548673@example.in
ord_00103,2026-08-16,4693.10,pay_00205,c435607@example.in
ord_00104,2026-08-16,1540.60,pay_00207,c965098@example.in
ord_00105,2026-08-15,8932.16,pay_00209,c852092@example.in
ord_00106,2026-08-16,5961.50,pay_00211,c029296@example.in
ord_00107,2026-08-15,7284.79,pay_00213,c260633@example.in
ord_00108,2026-08-16,7274.84,pay_00215,c742026@example.in
ord_00109,2026-08-14,6854.14,pay_00217,c876337@example.in
ord_00110,2026-08-14,5958.88,pay_00219,c522609@example.in
ord_00111,2026-08-14,7901.80,pay_00221,c317339@example.in
ord_00112,2026-08-14,2483.14,pay_00223,c080424@example.in
ord_00113,2026-08-14,8511.25,pay_00225,c138464@example.in
ord_00114,2026-08-03,5626.79,pay_00227,c859897@example.in
ord_00115,2026-08-05,6959.52,pay_00229,c664953@example.in
ord_00116,2026-08-04,2601.01,pay_00231,c705118@example.in
ord_00117,2026-08-05,6083.02,pay_00233,c119452@example.in
ord_00118,2026-08-03,3332.71,pay_00235,c043772@example.in
ord_00119,2026-08-04,7026.59,pay_00237,c567777@example.in
ord_00120,2026-08-04,8572.94,pay_00239,c085577@example.in
ord_00121,2026-08-03,4851.90,,c624960@example.in
ord_00122,2026-08-05,8140.40,pay_00243,c907856@example.in
ord_00123,2026-08-04,7104.85,pay_00245,c718075@example.in
ord_00124,2026-08-05,2041.45,pay_00247,c968343@example.in
ord_00125,2026-08-04,8128.17,pay_00249,c377678@example.in
ord_00126,2026-08-04,6663.64,pay_00251,c767262@example.in
ord_00127,2026-08-04,2114.41,pay_00253,c432946@example.in
ord_00128,2026-08-05,2956.58,pay_00255,c359768@example.in
ord_00129,2026-08-05,7651.10,,c650387@example.in
ord_00130,2026-08-05,448.66,pay_00259,c469286@example.in
ord_00131,2026-08-18,2122.93,pay_00261,c401375@example.in
ord_00132,2026-08-20,8776.02,pay_00263,c386880@example.in
ord_00133,2026-08-18,2305.70,pay_00265,c149007@example.in
ord_00134,2026-08-20,8814.73,pay_00267,c357653@example.in
ord_00135,2026-08-18,2908.23,pay_00269,c419839@example.in
ord_00136,2026-08-20,8225.76,pay_00271,c575074@example.in
ord_00137,2026-08-19,5105.94,pay_00273,c498766@example.in
ord_00138,2026-08-20,3793.96,pay_00275,c231907@example.in
ord_00139,2026-08-18,7243.92,,c376230@example.in
ord_00140,2026-08-19,2200.25,pay_00279,c726194@example.in
ord_00141,2026-08-19,6962.31,pay_00281,c218144@example.in
ord_00142,2026-08-20,2774.04,pay_00283,c502201@example.in
ord_00143,2026-08-19,2853.26,pay_00285,c652119@example.in
ord_00144,2026-08-18,6738.76,pay_00287,c072377@example.in
ord_00145,2026-08-19,7015.30,pay_00289,c029495@example.in
ord_00146,2026-08-18,8267.34,pay_00291,c939927@example.in
ord_00147,2026-08-20,2761.28,pay_00293,c051660@example.in
ord_00148,2026-08-20,5848.33,pay_00295,c100889@example.in
ord_00149,2026-08-19,2518.49,pay_00297,c954657@example.in
ord_00150,2026-08-20,3719.21,pay_00299,c113050@example.in
ord_00151,2026-08-19,8663.74,pay_00301,c457867@example.in
ord_00152,2026-08-19,1510.91,pay_00303,c843355@example.in
ord_00153,2026-08-03,5237.12,,c413649@example.in
ord_00154,2026-08-03,4867.20,pay_00307,c361143@example.in
ord_00155,2026-08-03,1094.98,,c026058@example.in
ord_00156,2026-08-04,8810.07,pay_00311,c849088@example.in
ord_00157,2026-08-04,6545.44,,c425252@example.in
ord_00158,2026-08-04,4891.75,pay_00315,c316793@example.in
ord_00159,2026-08-04,8882.01,pay_00317,c898027@example.in
ord_00160,2026-08-02,2981.41,,c736601@example.in
ord_00161,2026-08-04,1956.12,pay_00321,c569184@example.in
ord_00162,2026-08-04,5857.82,pay_00323,c005553@example.in
ord_00163,2026-08-02,1077.13,pay_00325,c471556@example.in
ord_00164,2026-08-02,3409.91,pay_00327,c858930@example.in
ord_00165,2026-08-09,4194.65,pay_00329,c462434@example.in
ord_00166,2026-08-07,1651.82,pay_00331,c854318@example.in
ord_00167,2026-08-08,7006.51,pay_00333,c991821@example.in
ord_00168,2026-08-07,2396.23,pay_00335,c909049@example.in
ord_00169,2026-08-07,5750.06,pay_00337,c930468@example.in
ord_00170,2026-08-07,6654.08,pay_00339,c099068@example.in
ord_00171,2026-08-07,1947.82,pay_00341,c297639@example.in
ord_00172,2026-08-08,6400.70,,c007653@example.in
ord_00173,2026-08-08,1609.98,pay_00345,c431268@example.in
ord_00174,2026-08-09,2065.30,pay_00347,c499090@example.in
ord_00175,2026-08-08,7406.17,pay_00349,c898686@example.in
ord_00176,2026-08-08,3271.28,pay_00351,c145811@example.in
ord_00177,2026-08-07,7397.36,pay_00353,c045455@example.in
ord_00178,2026-08-09,5495.90,pay_00355,c699243@example.in
ord_00179,2026-08-07,3208.49,pay_00357,c316244@example.in
ord_00180,2026-08-07,2535.06,pay_00359,c499661@example.in
ord_00181,2026-08-15,6195.15,pay_00361,c320268@example.in
ord_00182,2026-08-16,5802.14,pay_00363,c400947@example.in
ord_00183,2026-08-17,3744.82,pay_00365,c307694@example.in
ord_00184,2026-08-17,2529.62,pay_00367,c326087@example.in
ord_00185,2026-08-15,2047.16,pay_00369,c540901@example.in
ord_00186,2026-08-16,443.53,pay_00371,c498881@example.in
ord_00187,2026-08-17,3014.97,pay_00373,c885709@example.in
ord_00188,2026-08-16,8893.24,pay_00375,c370214@example.in
ord_00189,2026-08-15,7599.15,pay_00377,c162317@example.in
ord_00190,2026-08-16,4842.09,pay_00379,c267933@example.in
ord_00191,2026-08-15,4387.79,pay_00381,c644857@example.in
ord_00192,2026-08-17,7230.29,pay_00383,c199170@example.in
ord_00193,2026-08-15,6146.96,pay_00385,c626857@example.in
ord_00194,2026-08-17,8460.74,pay_00387,c733423@example.in
ord_00195,2026-08-27,3234.43,pay_00389,c950210@example.in
ord_00196,2026-08-28,2313.04,pay_00391,c351845@example.in
ord_00197,2026-08-28,8263.14,pay_00393,c117076@example.in
ord_00198,2026-08-28,6057.20,pay_00395,c679916@example.in
ord_00199,2026-08-29,3808.89,pay_00397,c832542@example.in
ord_00200,2026-08-27,3902.31,pay_00399,c864807@example.in
ord_00201,2026-08-28,8841.92,pay_00401,c486998@example.in
ord_00202,2026-08-27,5845.66,pay_00403,c773541@example.in
ord_00203,2026-08-21,398.85,pay_00405,c919283@example.in
ord_00204,2026-08-22,7113.52,pay_00407,c285020@example.in
ord_00205,2026-08-22,428.18,pay_00409,c481378@example.in
ord_00206,2026-08-22,1295.12,pay_00411,c403326@example.in
ord_00207,2026-08-21,1653.24,pay_00413,c860464@example.in
ord_00208,2026-08-22,2929.77,pay_00415,c853671@example.in
ord_00209,2026-08-22,7001.96,pay_00417,c457437@example.in
ord_00210,2026-08-22,3162.17,pay_00419,c002879@example.in
ord_00211,2026-08-22,6005.25,pay_00421,c030361@example.in
ord_00212,2026-08-22,244.63,pay_00423,c309497@example.in
ord_00213,2026-08-20,2367.69,pay_00425,c069127@example.in
ord_00214,2026-08-19,3503.43,pay_00427,c593504@example.in
ord_00215,2026-08-20,7832.92,pay_00429,c146253@example.in
ord_00216,2026-08-19,1821.45,pay_00431,c860397@example.in
ord_00217,2026-08-19,5769.56,pay_00433,c031573@example.in
ord_00218,2026-08-19,344.41,pay_00435,c504684@example.in
ord_00219,2026-08-19,4846.15,pay_00437,c830393@example.in
ord_00220,2026-08-20,2769.62,pay_00439,c902342@example.in
ord_00221,2026-08-18,8638.08,pay_00441,c768717@example.in
ord_00222,2026-08-04,484.17,pay_00443,c096479@example.in
ord_00223,2026-08-05,3475.66,pay_00445,c195890@example.in
ord_00224,2026-08-06,4508.85,pay_00447,c708236@example.in
ord_00225,2026-08-06,5776.10,pay_00449,c620800@example.in
ord_00226,2026-08-05,2657.92,,c515225@example.in
ord_00227,2026-08-06,7195.94,pay_00453,c233067@example.in
ord_00228,2026-08-04,3441.07,pay_00455,c601485@example.in
ord_00229,2026-08-06,544.75,pay_00457,c182316@example.in
ord_00230,2026-08-26,4237.43,pay_00459,c125949@example.in
ord_00231,2026-08-25,2101.73,pay_00461,c273984@example.in
ord_00232,2026-08-24,337.98,pay_00463,c641595@example.in
ord_00233,2026-08-25,769.73,pay_00465,c018712@example.in
ord_00234,2026-08-26,8311.11,pay_00467,c817960@example.in
ord_00235,2026-08-25,6381.78,pay_00469,c123456@example.in
ord_00236,2026-08-24,3936.49,pay_00471,c386663@example.in
ord_00237,2026-08-24,7836.42,pay_00473,c046508@example.in
ord_00238,2026-08-05,716.05,pay_00475,c158918@example.in
ord_00239,2026-08-05,5120.04,pay_00477,c507353@example.in
ord_00240,2026-08-04,8254.85,pay_00479,c637963@example.in
ord_00241,2026-08-04,490.17,pay_00481,c504609@example.in
ord_00242,2026-08-05,2737.56,pay_00483,c218135@example.in
ord_00243,2026-08-05,5244.59,pay_00485,c614231@example.in
ord_00244,2026-08-05,7550.79,pay_00487,c237803@example.in
ord_00245,2026-08-03,7418.32,pay_00489,c100940@example.in
ord_00246,2026-08-03,7978.20,pay_00491,c938236@example.in
ord_00495,2026-08-27,41000.00,pay_00494,c247198@example.in
ord_00497,2026-08-27,48400.00,pay_00496,c652786@example.in
ord_00499,2026-08-27,44200.00,pay_00498,c371646@example.in
ord_00501,2026-08-27,45200.00,pay_00500,c382589@example.in
