row_id,row_type,payout_id,gateway,payment_id,value_date,amount
ch_00002,CHARGE,pout_00001,cashfree,pay_00001,2026-08-18,1818.01
fee_00001,FEE,pout_00001,cashfree,pay_00001,2026-08-18,-41.18
ch_00004,CHARGE,pout_00001,cashfree,pay_00003,2026-08-18,4065.25
fee_00002,FEE,pout_00001,cashfree,pay_00003,2026-08-18,-88.37
ch_00006,CHARGE,pout_00001,cashfree,pay_00005,2026-08-17,7598.11
fee_00003,FEE,pout_00001,cashfree,pay_00005,2026-08-17,-162.56
ch_00008,CHARGE,pout_00001,cashfree,pay_00007,2026-08-17,7652.04
fee_00004,FEE,pout_00001,cashfree,pay_00007,2026-08-17,-163.69
ch_00010,CHARGE,pout_00001,cashfree,pay_00009,2026-08-18,1624.20
fee_00005,FEE,pout_00001,cashfree,pay_00009,2026-08-18,-37.11
ch_00012,CHARGE,pout_00001,cashfree,pay_00011,2026-08-16,2537.03
fee_00006,FEE,pout_00001,cashfree,pay_00011,2026-08-16,-56.28
ch_00014,CHARGE,pout_00001,cashfree,pay_00013,2026-08-18,4379.27
fee_00007,FEE,pout_00001,cashfree,pay_00013,2026-08-18,-94.96
ch_00016,CHARGE,pout_00001,cashfree,pay_00015,2026-08-17,3888.05
fee_00008,FEE,pout_00001,cashfree,pay_00015,2026-08-17,-84.65
ch_00018,CHARGE,pout_00001,cashfree,pay_00017,2026-08-17,6531.86
fee_00009,FEE,pout_00001,cashfree,pay_00017,2026-08-17,-140.17
ch_00020,CHARGE,pout_00001,cashfree,pay_00019,2026-08-16,2610.16
fee_00010,FEE,pout_00001,cashfree,pay_00019,2026-08-16,-57.81
ch_00022,CHARGE,pout_00001,cashfree,pay_00021,2026-08-18,6688.21
fee_00011,FEE,pout_00001,cashfree,pay_00021,2026-08-18,-143.45
ch_00024,CHARGE,pout_00001,cashfree,pay_00023,2026-08-18,7484.65
fee_00012,FEE,pout_00001,cashfree,pay_00023,2026-08-18,-160.18
ch_00026,CHARGE,pout_00001,cashfree,pay_00025,2026-08-18,8747.72
fee_00013,FEE,pout_00001,cashfree,pay_00025,2026-08-18,-186.70
ch_00028,CHARGE,pout_00001,cashfree,pay_00027,2026-08-17,5515.73
fee_00014,FEE,pout_00001,cashfree,pay_00027,2026-08-17,-118.83
ch_00030,CHARGE,pout_00001,cashfree,pay_00029,2026-08-18,6798.87
fee_00015,FEE,pout_00001,cashfree,pay_00029,2026-08-18,-145.78
ch_00032,CHARGE,pout_00001,cashfree,pay_00031,2026-08-17,4407.24
fee_00016,FEE,pout_00001,cashfree,pay_00031,2026-08-17,-95.55
ch_00034,CHARGE,pout_00002,razorpay,pay_00033,2026-08-08,1154.86
fee_00017,FEE,pout_00002,razorpay,pay_00033,2026-08-08,-29.72
ch_00036,CHARGE,pout_00002,razorpay,pay_00035,2026-08-07,5672.87
fee_00018,FEE,pout_00002,razorpay,pay_00035,2026-08-07,-138.15
ch_00038,CHARGE,pout_00002,razorpay,pay_00037,2026-08-08,2297.23
fee_00019,FEE,pout_00002,razorpay,pay_00037,2026-08-08,-57.13
ch_00040,CHARGE,pout_00002,razorpay,pay_00039,2026-08-07,8046.43
fee_00020,FEE,pout_00002,razorpay,pay_00039,2026-08-07,-195.11
ch_00042,CHARGE,pout_00002,razorpay,pay_00041,2026-08-06,3549.06
fee_00021,FEE,pout_00002,razorpay,pay_00041,2026-08-06,-87.18
ch_00044,CHARGE,pout_00002,razorpay,pay_00043,2026-08-06,8750.46
fee_00022,FEE,pout_00002,razorpay,pay_00043,2026-08-06,-212.01
ch_00046,CHARGE,pout_00002,razorpay,pay_00045,2026-08-06,4602.02
fee_00023,FEE,pout_00002,razorpay,pay_00045,2026-08-06,-112.45
ch_00048,CHARGE,pout_00002,razorpay,pay_00047,2026-08-08,6890.33
fee_00024,FEE,pout_00002,razorpay,pay_00047,2026-08-08,-167.37
ch_00050,CHARGE,pout_00002,razorpay,pay_00049,2026-08-07,1091.16
fee_00025,FEE,pout_00002,razorpay,pay_00049,2026-08-07,-28.19
ch_00052,CHARGE,pout_00002,razorpay,pay_00051,2026-08-07,7710.39
fee_00026,FEE,pout_00002,razorpay,pay_00051,2026-08-07,-187.05
ch_00054,CHARGE,pout_00002,razorpay,pay_00053,2026-08-06,4149.83
fee_00027,FEE,pout_00002,razorpay,pay_00053,2026-08-06,-101.60
ch_00056,CHARGE,pout_00002,razorpay,pay_00055,2026-08-08,1898.94
fee_00028,FEE,pout_00002,razorpay,pay_00055,2026-08-08,-47.57
ch_00058,CHARGE,pout_00002,razorpay,pay_00057,2026-08-06,2296.38
fee_00029,FEE,pout_00002,razorpay,pay_00057,2026-08-06,-57.11
ch_00060,CHARGE,pout_00002,razorpay,pay_00059,2026-08-07,6495.55
fee_00030,FEE,pout_00002,razorpay,pay_00059,2026-08-07,-157.89
ch_00062,CHARGE,pout_00002,razorpay,pay_00061,2026-08-07,1761.66
fee_00031,FEE,pout_00002,razorpay,pay_00061,2026-08-07,-44.28
ch_00064,CHARGE,pout_00002,razorpay,pay_00063,2026-08-07,1529.13
fee_00032,FEE,pout_00002,razorpay,pay_00063,2026-08-07,-38.70
ch_00066,CHARGE,pout_00003,razorpay,pay_00065,2026-08-07,575.89
fee_00033,FEE,pout_00003,razorpay,pay_00065,2026-08-07,-15.82
ch_00068,CHARGE,pout_00003,razorpay,pay_00067,2026-08-07,3652.99
fee_00034,FEE,pout_00003,razorpay,pay_00067,2026-08-07,-89.67
ch_00070,CHARGE,pout_00003,razorpay,pay_00069,2026-08-07,6621.40
fee_00035,FEE,pout_00003,razorpay,pay_00069,2026-08-07,-160.91
ch_00072,CHARGE,pout_00003,razorpay,pay_00071,2026-08-08,632.47
fee_00036,FEE,pout_00003,razorpay,pay_00071,2026-08-08,-17.18
ch_00074,CHARGE,pout_00003,razorpay,pay_00073,2026-08-09,3390.40
fee_00037,FEE,pout_00003,razorpay,pay_00073,2026-08-09,-83.37
ch_00076,CHARGE,pout_00003,razorpay,pay_00075,2026-08-08,1256.48
fee_00038,FEE,pout_00003,razorpay,pay_00075,2026-08-08,-32.16
ch_00078,CHARGE,pout_00003,razorpay,pay_00077,2026-08-08,3888.54
fee_00039,FEE,pout_00003,razorpay,pay_00077,2026-08-08,-95.32
ch_00080,CHARGE,pout_00003,razorpay,pay_00079,2026-08-09,7626.95
fee_00040,FEE,pout_00003,razorpay,pay_00079,2026-08-09,-185.05
ch_00082,CHARGE,pout_00003,razorpay,pay_00081,2026-08-07,1013.68
fee_00041,FEE,pout_00003,razorpay,pay_00081,2026-08-07,-26.33
ch_00084,CHARGE,pout_00003,razorpay,pay_00083,2026-08-07,3452.16
fee_00042,FEE,pout_00003,razorpay,pay_00083,2026-08-07,-84.85
ch_00086,CHARGE,pout_00003,razorpay,pay_00085,2026-08-07,6963.85
fee_00043,FEE,pout_00003,razorpay,pay_00085,2026-08-07,-169.13
ch_00088,CHARGE,pout_00003,razorpay,pay_00087,2026-08-07,2361.69
fee_00044,FEE,pout_00003,razorpay,pay_00087,2026-08-07,-58.68
ch_00090,CHARGE,pout_00003,razorpay,pay_00089,2026-08-09,1449.67
fee_00045,FEE,pout_00003,razorpay,pay_00089,2026-08-09,-36.79
ch_00092,CHARGE,pout_00003,razorpay,pay_00091,2026-08-08,6028.68
fee_00046,FEE,pout_00003,razorpay,pay_00091,2026-08-08,-146.69
ch_00094,CHARGE,pout_00003,razorpay,pay_00093,2026-08-09,8616.68
fee_00047,FEE,pout_00003,razorpay,pay_00093,2026-08-09,-208.80
ch_00096,CHARGE,pout_00003,razorpay,pay_00095,2026-08-08,6543.05
fee_00048,FEE,pout_00003,razorpay,pay_00095,2026-08-08,-159.03
ch_00098,CHARGE,pout_00003,razorpay,pay_00097,2026-08-07,7873.61
fee_00049,FEE,pout_00003,razorpay,pay_00097,2026-08-07,-190.97
ch_00100,CHARGE,pout_00003,razorpay,pay_00099,2026-08-07,591.42
fee_00050,FEE,pout_00003,razorpay,pay_00099,2026-08-07,-16.19
rfnd_00001,REFUND,pout_00003,razorpay,pay_00071,2026-08-09,-632.47
rfnd_00002,REFUND,pout_00003,razorpay,pay_00077,2026-08-09,-3888.54
rfnd_00003,REFUND,pout_00003,razorpay,pay_00087,2026-08-09,-2361.69
ch_00102,CHARGE,pout_00004,cashfree,pay_00101,2026-08-06,3385.46
fee_00051,FEE,pout_00004,cashfree,pay_00101,2026-08-06,-74.09
ch_00104,CHARGE,pout_00004,cashfree,pay_00103,2026-08-06,380.68
fee_00052,FEE,pout_00004,cashfree,pay_00103,2026-08-06,-10.99
ch_00106,CHARGE,pout_00004,cashfree,pay_00105,2026-08-05,2798.02
fee_00053,FEE,pout_00004,cashfree,pay_00105,2026-08-05,-61.76
ch_00108,CHARGE,pout_00004,cashfree,pay_00107,2026-08-07,6257.36
fee_00054,FEE,pout_00004,cashfree,pay_00107,2026-08-07,-134.40
ch_00110,CHARGE,pout_00004,cashfree,pay_00109,2026-08-05,3711.14
fee_00055,FEE,pout_00004,cashfree,pay_00109,2026-08-05,-80.93
ch_00112,CHARGE,pout_00004,cashfree,pay_00111,2026-08-07,8381.23
fee_00056,FEE,pout_00004,cashfree,pay_00111,2026-08-07,-179.01
ch_00114,CHARGE,pout_00004,cashfree,pay_00113,2026-08-06,5009.51
fee_00057,FEE,pout_00004,cashfree,pay_00113,2026-08-06,-108.20
rfnd_00004,REFUND,pout_00004,cashfree,pay_00107,2026-08-07,-6257.36
ch_00116,CHARGE,pout_00005,razorpay,pay_00115,2026-08-16,6442.88
fee_00058,FEE,pout_00005,razorpay,pay_00115,2026-08-16,-156.63
ch_00118,CHARGE,pout_00005,razorpay,pay_00117,2026-08-16,7100.33
fee_00059,FEE,pout_00005,razorpay,pay_00117,2026-08-16,-172.41
ch_00120,CHARGE,pout_00005,razorpay,pay_00119,2026-08-16,6461.63
fee_00060,FEE,pout_00005,razorpay,pay_00119,2026-08-16,-157.08
ch_00122,CHARGE,pout_00005,razorpay,pay_00121,2026-08-14,4988.55
fee_00061,FEE,pout_00005,razorpay,pay_00121,2026-08-14,-121.73
ch_00124,CHARGE,pout_00005,razorpay,pay_00123,2026-08-15,8647.79
fee_00062,FEE,pout_00005,razorpay,pay_00123,2026-08-15,-209.55
ch_00126,CHARGE,pout_00005,razorpay,pay_00125,2026-08-16,7129.78
fee_00063,FEE,pout_00005,razorpay,pay_00125,2026-08-16,-173.11
ch_00128,CHARGE,pout_00006,cashfree,pay_00127,2026-08-11,3139.56
fee_00064,FEE,pout_00006,cashfree,pay_00127,2026-08-11,-68.93
ch_00130,CHARGE,pout_00006,cashfree,pay_00129,2026-08-13,8325.24
fee_00065,FEE,pout_00006,cashfree,pay_00129,2026-08-13,-177.83
ch_00132,CHARGE,pout_00006,cashfree,pay_00131,2026-08-12,5150.33
fee_00066,FEE,pout_00006,cashfree,pay_00131,2026-08-12,-111.16
ch_00134,CHARGE,pout_00006,cashfree,pay_00133,2026-08-12,7980.24
fee_00067,FEE,pout_00006,cashfree,pay_00133,2026-08-12,-170.59
ch_00136,CHARGE,pout_00006,cashfree,pay_00135,2026-08-11,4377.53
fee_00068,FEE,pout_00006,cashfree,pay_00135,2026-08-11,-94.93
ch_00138,CHARGE,pout_00006,cashfree,pay_00137,2026-08-13,5444.27
fee_00069,FEE,pout_00006,cashfree,pay_00137,2026-08-13,-117.33
ch_00140,CHARGE,pout_00006,cashfree,pay_00139,2026-08-12,2145.59
fee_00070,FEE,pout_00006,cashfree,pay_00139,2026-08-12,-48.06
ch_00142,CHARGE,pout_00006,cashfree,pay_00141,2026-08-13,6769.51
fee_00071,FEE,pout_00006,cashfree,pay_00141,2026-08-13,-145.16
ch_00144,CHARGE,pout_00007,razorpay,pay_00143,2026-07-30,353.35
fee_00072,FEE,pout_00007,razorpay,pay_00143,2026-07-30,-10.48
ch_00146,CHARGE,pout_00007,razorpay,pay_00145,2026-07-30,5880.82
fee_00073,FEE,pout_00007,razorpay,pay_00145,2026-07-30,-143.14
ch_00148,CHARGE,pout_00007,razorpay,pay_00147,2026-07-31,7895.90
fee_00074,FEE,pout_00007,razorpay,pay_00147,2026-07-31,-191.50
ch_00150,CHARGE,pout_00007,razorpay,pay_00149,2026-08-01,1533.65
fee_00075,FEE,pout_00007,razorpay,pay_00149,2026-08-01,-38.81
ch_00152,CHARGE,pout_00007,razorpay,pay_00151,2026-08-01,5477.81
fee_00076,FEE,pout_00007,razorpay,pay_00151,2026-08-01,-133.47
ch_00154,CHARGE,pout_00007,razorpay,pay_00153,2026-07-31,4762.39
fee_00077,FEE,pout_00007,razorpay,pay_00153,2026-07-31,-116.30
ch_00156,CHARGE,pout_00007,razorpay,pay_00155,2026-08-01,3923.93
fee_00078,FEE,pout_00007,razorpay,pay_00155,2026-08-01,-96.17
ch_00158,CHARGE,pout_00007,razorpay,pay_00157,2026-07-30,8834.55
fee_00079,FEE,pout_00007,razorpay,pay_00157,2026-07-30,-214.03
ch_00160,CHARGE,pout_00007,razorpay,pay_00159,2026-07-30,1917.60
fee_00080,FEE,pout_00007,razorpay,pay_00159,2026-07-30,-48.02
ch_00162,CHARGE,pout_00007,razorpay,pay_00161,2026-08-01,5059.58
fee_00081,FEE,pout_00007,razorpay,pay_00161,2026-08-01,-123.43
ch_00164,CHARGE,pout_00007,razorpay,pay_00163,2026-08-01,7651.83
fee_00082,FEE,pout_00007,razorpay,pay_00163,2026-08-01,-185.64
ch_00166,CHARGE,pout_00008,cashfree,pay_00165,2026-08-11,2202.84
fee_00083,FEE,pout_00008,cashfree,pay_00165,2026-08-11,-49.26
ch_00168,CHARGE,pout_00008,cashfree,pay_00167,2026-08-10,6362.86
fee_00084,FEE,pout_00008,cashfree,pay_00167,2026-08-10,-136.62
ch_00170,CHARGE,pout_00008,cashfree,pay_00169,2026-08-12,6846.68
fee_00085,FEE,pout_00008,cashfree,pay_00169,2026-08-12,-146.78
ch_00172,CHARGE,pout_00008,cashfree,pay_00171,2026-08-10,8911.15
fee_00086,FEE,pout_00008,cashfree,pay_00171,2026-08-10,-190.13
ch_00174,CHARGE,pout_00008,cashfree,pay_00173,2026-08-11,3549.55
fee_00087,FEE,pout_00008,cashfree,pay_00173,2026-08-11,-77.54
ch_00176,CHARGE,pout_00008,cashfree,pay_00175,2026-08-12,5575.65
fee_00088,FEE,pout_00008,cashfree,pay_00175,2026-08-12,-120.09
ch_00178,CHARGE,pout_00008,cashfree,pay_00177,2026-08-12,6010.38
fee_00089,FEE,pout_00008,cashfree,pay_00177,2026-08-12,-129.22
ch_00180,CHARGE,pout_00008,cashfree,pay_00179,2026-08-12,8364.50
fee_00090,FEE,pout_00008,cashfree,pay_00179,2026-08-12,-178.65
ch_00182,CHARGE,pout_00008,cashfree,pay_00181,2026-08-10,3488.65
fee_00091,FEE,pout_00008,cashfree,pay_00181,2026-08-10,-76.26
ch_00184,CHARGE,pout_00008,cashfree,pay_00183,2026-08-10,4455.03
fee_00092,FEE,pout_00008,cashfree,pay_00183,2026-08-10,-96.56
ch_00186,CHARGE,pout_00009,cashfree,pay_00185,2026-08-03,1053.97
fee_00093,FEE,pout_00009,cashfree,pay_00185,2026-08-03,-25.13
ch_00188,CHARGE,pout_00009,cashfree,pay_00187,2026-08-03,8644.00
fee_00094,FEE,pout_00009,cashfree,pay_00187,2026-08-03,-184.52
ch_00190,CHARGE,pout_00009,cashfree,pay_00189,2026-08-03,313.53
fee_00095,FEE,pout_00009,cashfree,pay_00189,2026-08-03,-9.58
ch_00192,CHARGE,pout_00009,cashfree,pay_00191,2026-08-04,4008.98
fee_00096,FEE,pout_00009,cashfree,pay_00191,2026-08-04,-87.19
ch_00194,CHARGE,pout_00009,cashfree,pay_00193,2026-08-02,4474.18
fee_00097,FEE,pout_00009,cashfree,pay_00193,2026-08-02,-96.96
ch_00196,CHARGE,pout_00009,cashfree,pay_00195,2026-08-02,3576.20
fee_00098,FEE,pout_00009,cashfree,pay_00195,2026-08-02,-78.10
ch_00198,CHARGE,pout_00009,cashfree,pay_00197,2026-08-03,8121.92
fee_00099,FEE,pout_00009,cashfree,pay_00197,2026-08-03,-173.56
ch_00200,CHARGE,pout_00010,razorpay,pay_00199,2026-08-15,7926.41
fee_00100,FEE,pout_00010,razorpay,pay_00199,2026-08-15,-192.23
ch_00202,CHARGE,pout_00010,razorpay,pay_00201,2026-08-14,2784.31
fee_00101,FEE,pout_00010,razorpay,pay_00201,2026-08-14,-68.82
ch_00204,CHARGE,pout_00010,razorpay,pay_00203,2026-08-16,7640.14
fee_00102,FEE,pout_00010,razorpay,pay_00203,2026-08-16,-185.36
ch_00206,CHARGE,pout_00010,razorpay,pay_00205,2026-08-16,4693.10
fee_00103,FEE,pout_00010,razorpay,pay_00205,2026-08-16,-114.63
ch_00208,CHARGE,pout_00010,razorpay,pay_00207,2026-08-16,1540.60
fee_00104,FEE,pout_00010,razorpay,pay_00207,2026-08-16,-38.97
ch_00210,CHARGE,pout_00010,razorpay,pay_00209,2026-08-15,8932.16
fee_00105,FEE,pout_00010,razorpay,pay_00209,2026-08-15,-216.37
ch_00212,CHARGE,pout_00010,razorpay,pay_00211,2026-08-16,5961.50
fee_00106,FEE,pout_00010,razorpay,pay_00211,2026-08-16,-145.08
ch_00214,CHARGE,pout_00010,razorpay,pay_00213,2026-08-15,7284.79
fee_00107,FEE,pout_00010,razorpay,pay_00213,2026-08-15,-176.83
ch_00216,CHARGE,pout_00010,razorpay,pay_00215,2026-08-16,7274.84
fee_00108,FEE,pout_00010,razorpay,pay_00215,2026-08-16,-176.60
ch_00218,CHARGE,pout_00010,razorpay,pay_00217,2026-08-14,6854.14
fee_00109,FEE,pout_00010,razorpay,pay_00217,2026-08-14,-166.50
ch_00220,CHARGE,pout_00010,razorpay,pay_00219,2026-08-14,5958.88
fee_00110,FEE,pout_00010,razorpay,pay_00219,2026-08-14,-145.01
ch_00222,CHARGE,pout_00010,razorpay,pay_00221,2026-08-14,7901.80
fee_00111,FEE,pout_00010,razorpay,pay_00221,2026-08-14,-191.64
ch_00224,CHARGE,pout_00010,razorpay,pay_00223,2026-08-14,2483.14
fee_00112,FEE,pout_00010,razorpay,pay_00223,2026-08-14,-61.60
ch_00226,CHARGE,pout_00010,razorpay,pay_00225,2026-08-14,8511.25
fee_00113,FEE,pout_00010,razorpay,pay_00225,2026-08-14,-206.27
rfnd_00005,REFUND,pout_00010,razorpay,pay_00199,2026-08-16,-7926.41
rfnd_00006,REFUND,pout_00010,razorpay,pay_00209,2026-08-16,-8932.16
ch_00228,CHARGE,pout_00011,razorpay,pay_00227,2026-08-03,5626.79
fee_00114,FEE,pout_00011,razorpay,pay_00227,2026-08-03,-137.04
ch_00230,CHARGE,pout_00011,razorpay,pay_00229,2026-08-05,6959.52
fee_00115,FEE,pout_00011,razorpay,pay_00229,2026-08-05,-169.03
ch_00232,CHARGE,pout_00011,razorpay,pay_00231,2026-08-04,2601.01
fee_00116,FEE,pout_00011,razorpay,pay_00231,2026-08-04,-64.42
ch_00234,CHARGE,pout_00011,razorpay,pay_00233,2026-08-05,6083.02
fee_00117,FEE,pout_00011,razorpay,pay_00233,2026-08-05,-147.99
ch_00236,CHARGE,pout_00011,razorpay,pay_00235,2026-08-03,3332.71
fee_00118,FEE,pout_00011,razorpay,pay_00235,2026-08-03,-81.99
ch_00238,CHARGE,pout_00011,razorpay,pay_00237,2026-08-04,7026.59
fee_00119,FEE,pout_00011,razorpay,pay_00237,2026-08-04,-170.64
ch_00240,CHARGE,pout_00011,razorpay,pay_00239,2026-08-04,8572.94
fee_00120,FEE,pout_00011,razorpay,pay_00239,2026-08-04,-207.75
ch_00242,CHARGE,pout_00011,razorpay,pay_00241,2026-08-03,4851.90
fee_00121,FEE,pout_00011,razorpay,pay_00241,2026-08-03,-118.45
ch_00244,CHARGE,pout_00011,razorpay,pay_00243,2026-08-05,8140.40
fee_00122,FEE,pout_00011,razorpay,pay_00243,2026-08-05,-197.37
ch_00246,CHARGE,pout_00011,razorpay,pay_00245,2026-08-04,7104.85
fee_00123,FEE,pout_00011,razorpay,pay_00245,2026-08-04,-172.52
ch_00248,CHARGE,pout_00011,razorpay,pay_00247,2026-08-05,2041.45
fee_00124,FEE,pout_00011,razorpay,pay_00247,2026-08-05,-50.99
ch_00250,CHARGE,pout_00011,razorpay,pay_00249,2026-08-04,8128.17
fee_00125,FEE,pout_00011,razorpay,pay_00249,2026-08-04,-197.08
ch_00252,CHARGE,pout_00011,razorpay,pay_00251,2026-08-04,6663.64
fee_00126,FEE,pout_00011,razorpay,pay_00251,2026-08-04,-161.93
ch_00254,CHARGE,pout_00011,razorpay,pay_00253,2026-08-04,2114.41
fee_00127,FEE,pout_00011,razorpay,pay_00253,2026-08-04,-52.75
ch_00256,CHARGE,pout_00011,razorpay,pay_00255,2026-08-05,2956.58
fee_00128,FEE,pout_00011,razorpay,pay_00255,2026-08-05,-72.96
ch_00258,CHARGE,pout_00011,razorpay,pay_00257,2026-08-05,7651.10
fee_00129,FEE,pout_00011,razorpay,pay_00257,2026-08-05,-185.63
ch_00260,CHARGE,pout_00011,razorpay,pay_00259,2026-08-05,448.66
fee_00130,FEE,pout_00011,razorpay,pay_00259,2026-08-05,-12.77
ch_00493,CHARGE,pout_00011,razorpay,pay_00227,2026-08-03,5626.79
fee_00247,FEE,pout_00011,razorpay,pay_00227,2026-08-03,-137.04
rfnd_00007,REFUND,pout_00011,razorpay,pay_00235,2026-08-05,-3332.71
ch_00262,CHARGE,pout_00012,razorpay,pay_00261,2026-08-18,2122.93
fee_00131,FEE,pout_00012,razorpay,pay_00261,2026-08-18,-52.95
ch_00264,CHARGE,pout_00012,razorpay,pay_00263,2026-08-20,8776.02
fee_00132,FEE,pout_00012,razorpay,pay_00263,2026-08-20,-212.62
ch_00266,CHARGE,pout_00012,razorpay,pay_00265,2026-08-18,2305.70
fee_00133,FEE,pout_00012,razorpay,pay_00265,2026-08-18,-57.34
ch_00268,CHARGE,pout_00012,razorpay,pay_00267,2026-08-20,8814.73
fee_00134,FEE,pout_00012,razorpay,pay_00267,2026-08-20,-213.55
ch_00270,CHARGE,pout_00012,razorpay,pay_00269,2026-08-18,2908.23
fee_00135,FEE,pout_00012,razorpay,pay_00269,2026-08-18,-71.80
ch_00272,CHARGE,pout_00012,razorpay,pay_00271,2026-08-20,8225.76
fee_00136,FEE,pout_00012,razorpay,pay_00271,2026-08-20,-199.42
ch_00274,CHARGE,pout_00012,razorpay,pay_00273,2026-08-19,5105.94
fee_00137,FEE,pout_00012,razorpay,pay_00273,2026-08-19,-124.54
ch_00276,CHARGE,pout_00012,razorpay,pay_00275,2026-08-20,3793.96
fee_00138,FEE,pout_00012,razorpay,pay_00275,2026-08-20,-93.06
ch_00278,CHARGE,pout_00012,razorpay,pay_00277,2026-08-18,7243.92
fee_00139,FEE,pout_00012,razorpay,pay_00277,2026-08-18,-175.85
ch_00280,CHARGE,pout_00012,razorpay,pay_00279,2026-08-19,2200.25
fee_00140,FEE,pout_00012,razorpay,pay_00279,2026-08-19,-54.81
ch_00282,CHARGE,pout_00012,razorpay,pay_00281,2026-08-19,6962.31
fee_00141,FEE,pout_00012,razorpay,pay_00281,2026-08-19,-169.10
ch_00284,CHARGE,pout_00012,razorpay,pay_00283,2026-08-20,2774.04
fee_00142,FEE,pout_00012,razorpay,pay_00283,2026-08-20,-68.58
rfnd_00008,REFUND,pout_00012,razorpay,pay_00269,2026-08-20,-2908.23
cb_00015,CHARGEBACK,pout_00012,razorpay,pay_prior_00042,2026-08-20,-18700.00
ch_00286,CHARGE,pout_00013,razorpay,pay_00285,2026-08-19,2853.26
fee_00143,FEE,pout_00013,razorpay,pay_00285,2026-08-19,-70.48
ch_00288,CHARGE,pout_00013,razorpay,pay_00287,2026-08-18,6738.76
fee_00144,FEE,pout_00013,razorpay,pay_00287,2026-08-18,-163.73
ch_00290,CHARGE,pout_00013,razorpay,pay_00289,2026-08-19,7015.30
fee_00145,FEE,pout_00013,razorpay,pay_00289,2026-08-19,-170.37
ch_00292,CHARGE,pout_00013,razorpay,pay_00291,2026-08-18,8267.34
fee_00146,FEE,pout_00013,razorpay,pay_00291,2026-08-18,-200.42
ch_00294,CHARGE,pout_00013,razorpay,pay_00293,2026-08-20,2761.28
fee_00147,FEE,pout_00013,razorpay,pay_00293,2026-08-20,-68.27
ch_00296,CHARGE,pout_00013,razorpay,pay_00295,2026-08-20,5848.33
fee_00148,FEE,pout_00013,razorpay,pay_00295,2026-08-20,-142.36
ch_00298,CHARGE,pout_00013,razorpay,pay_00297,2026-08-19,2518.49
fee_00149,FEE,pout_00013,razorpay,pay_00297,2026-08-19,-62.44
ch_00300,CHARGE,pout_00013,razorpay,pay_00299,2026-08-20,3719.21
fee_00150,FEE,pout_00013,razorpay,pay_00299,2026-08-20,-91.26
ch_00302,CHARGE,pout_00013,razorpay,pay_00301,2026-08-19,8663.74
fee_00151,FEE,pout_00013,razorpay,pay_00301,2026-08-19,-209.93
ch_00304,CHARGE,pout_00013,razorpay,pay_00303,2026-08-19,1510.91
fee_00152,FEE,pout_00013,razorpay,pay_00303,2026-08-19,-38.26
ch_00306,CHARGE,pout_00014,razorpay,pay_00305,2026-08-03,5237.12
fee_00153,FEE,pout_00014,razorpay,pay_00305,2026-08-03,-154.88
ch_00308,CHARGE,pout_00014,razorpay,pay_00307,2026-08-03,4867.20
fee_00154,FEE,pout_00014,razorpay,pay_00307,2026-08-03,-144.15
ch_00310,CHARGE,pout_00014,razorpay,pay_00309,2026-08-03,1094.98
fee_00155,FEE,pout_00014,razorpay,pay_00309,2026-08-03,-34.75
ch_00312,CHARGE,pout_00014,razorpay,pay_00311,2026-08-04,8810.07
fee_00156,FEE,pout_00014,razorpay,pay_00311,2026-08-04,-258.49
ch_00314,CHARGE,pout_00014,razorpay,pay_00313,2026-08-04,6545.44
fee_00157,FEE,pout_00014,razorpay,pay_00313,2026-08-04,-192.82
ch_00316,CHARGE,pout_00014,razorpay,pay_00315,2026-08-04,4891.75
fee_00158,FEE,pout_00014,razorpay,pay_00315,2026-08-04,-144.86
ch_00318,CHARGE,pout_00014,razorpay,pay_00317,2026-08-04,8882.01
fee_00159,FEE,pout_00014,razorpay,pay_00317,2026-08-04,-260.58
ch_00320,CHARGE,pout_00014,razorpay,pay_00319,2026-08-02,2981.41
fee_00160,FEE,pout_00014,razorpay,pay_00319,2026-08-02,-89.46
ch_00322,CHARGE,pout_00014,razorpay,pay_00321,2026-08-04,1956.12
fee_00161,FEE,pout_00014,razorpay,pay_00321,2026-08-04,-59.73
ch_00324,CHARGE,pout_00014,razorpay,pay_00323,2026-08-04,5857.82
fee_00162,FEE,pout_00014,razorpay,pay_00323,2026-08-04,-172.88
ch_00326,CHARGE,pout_00014,razorpay,pay_00325,2026-08-02,1077.13
fee_00163,FEE,pout_00014,razorpay,pay_00325,2026-08-02,-34.24
ch_00328,CHARGE,pout_00014,razorpay,pay_00327,2026-08-02,3409.91
fee_00164,FEE,pout_00014,razorpay,pay_00327,2026-08-02,-101.89
ch_00330,CHARGE,pout_00015,razorpay,pay_00329,2026-08-09,4194.65
fee_00165,FEE,pout_00015,razorpay,pay_00329,2026-08-09,-102.67
ch_00332,CHARGE,pout_00015,razorpay,pay_00331,2026-08-07,1651.82
fee_00166,FEE,pout_00015,razorpay,pay_00331,2026-08-07,-41.64
ch_00334,CHARGE,pout_00015,razorpay,pay_00333,2026-08-08,7006.51
fee_00167,FEE,pout_00015,razorpay,pay_00333,2026-08-08,-170.16
ch_00336,CHARGE,pout_00015,razorpay,pay_00335,2026-08-07,2396.23
fee_00168,FEE,pout_00015,razorpay,pay_00335,2026-08-07,-59.51
ch_00338,CHARGE,pout_00015,razorpay,pay_00337,2026-08-07,5750.06
fee_00169,FEE,pout_00015,razorpay,pay_00337,2026-08-07,-140.00
ch_00340,CHARGE,pout_00015,razorpay,pay_00339,2026-08-07,6654.08
fee_00170,FEE,pout_00015,razorpay,pay_00339,2026-08-07,-161.70
ch_00342,CHARGE,pout_00015,razorpay,pay_00341,2026-08-07,1947.82
fee_00171,FEE,pout_00015,razorpay,pay_00341,2026-08-07,-48.75
ch_00344,CHARGE,pout_00015,razorpay,pay_00343,2026-08-08,6400.70
fee_00172,FEE,pout_00015,razorpay,pay_00343,2026-08-08,-155.62
ch_00346,CHARGE,pout_00015,razorpay,pay_00345,2026-08-08,1609.98
fee_00173,FEE,pout_00015,razorpay,pay_00345,2026-08-08,-40.64
ch_00348,CHARGE,pout_00015,razorpay,pay_00347,2026-08-09,2065.30
fee_00174,FEE,pout_00015,razorpay,pay_00347,2026-08-09,-51.57
ch_00350,CHARGE,pout_00015,razorpay,pay_00349,2026-08-08,7406.17
fee_00175,FEE,pout_00015,razorpay,pay_00349,2026-08-08,-179.75
ch_00352,CHARGE,pout_00015,razorpay,pay_00351,2026-08-08,3271.28
fee_00176,FEE,pout_00015,razorpay,pay_00351,2026-08-08,-80.51
ch_00354,CHARGE,pout_00015,razorpay,pay_00353,2026-08-07,7397.36
fee_00177,FEE,pout_00015,razorpay,pay_00353,2026-08-07,-179.54
ch_00356,CHARGE,pout_00015,razorpay,pay_00355,2026-08-09,5495.90
fee_00178,FEE,pout_00015,razorpay,pay_00355,2026-08-09,-133.90
ch_00358,CHARGE,pout_00015,razorpay,pay_00357,2026-08-07,3208.49
fee_00179,FEE,pout_00015,razorpay,pay_00357,2026-08-07,-79.00
ch_00360,CHARGE,pout_00015,razorpay,pay_00359,2026-08-07,2535.06
fee_00180,FEE,pout_00015,razorpay,pay_00359,2026-08-07,-62.84
rfnd_00009,REFUND,pout_00015,razorpay,pay_00343,2026-08-09,-6400.70
ch_00362,CHARGE,pout_00016,razorpay,pay_00361,2026-08-15,6195.15
fee_00181,FEE,pout_00016,razorpay,pay_00361,2026-08-15,-150.68
ch_00364,CHARGE,pout_00016,razorpay,pay_00363,2026-08-16,5802.14
fee_00182,FEE,pout_00016,razorpay,pay_00363,2026-08-16,-141.25
ch_00366,CHARGE,pout_00016,razorpay,pay_00365,2026-08-17,3744.82
fee_00183,FEE,pout_00016,razorpay,pay_00365,2026-08-17,-91.88
ch_00368,CHARGE,pout_00016,razorpay,pay_00367,2026-08-17,2529.62
fee_00184,FEE,pout_00016,razorpay,pay_00367,2026-08-17,-62.71
ch_00370,CHARGE,pout_00016,razorpay,pay_00369,2026-08-15,2047.16
fee_00185,FEE,pout_00016,razorpay,pay_00369,2026-08-15,-51.13
ch_00372,CHARGE,pout_00016,razorpay,pay_00371,2026-08-16,443.53
fee_00186,FEE,pout_00016,razorpay,pay_00371,2026-08-16,-12.64
ch_00374,CHARGE,pout_00016,razorpay,pay_00373,2026-08-17,3014.97
fee_00187,FEE,pout_00016,razorpay,pay_00373,2026-08-17,-74.36
ch_00376,CHARGE,pout_00016,razorpay,pay_00375,2026-08-16,8893.24
fee_00188,FEE,pout_00016,razorpay,pay_00375,2026-08-16,-215.44
ch_00378,CHARGE,pout_00016,razorpay,pay_00377,2026-08-15,7599.15
fee_00189,FEE,pout_00016,razorpay,pay_00377,2026-08-15,-184.38
ch_00380,CHARGE,pout_00016,razorpay,pay_00379,2026-08-16,4842.09
fee_00190,FEE,pout_00016,razorpay,pay_00379,2026-08-16,-118.21
ch_00382,CHARGE,pout_00016,razorpay,pay_00381,2026-08-15,4387.79
fee_00191,FEE,pout_00016,razorpay,pay_00381,2026-08-15,-107.31
ch_00384,CHARGE,pout_00016,razorpay,pay_00383,2026-08-17,7230.29
fee_00192,FEE,pout_00016,razorpay,pay_00383,2026-08-17,-175.53
ch_00386,CHARGE,pout_00016,razorpay,pay_00385,2026-08-15,6146.96
fee_00193,FEE,pout_00016,razorpay,pay_00385,2026-08-15,-149.53
ch_00388,CHARGE,pout_00016,razorpay,pay_00387,2026-08-17,8460.74
fee_00194,FEE,pout_00016,razorpay,pay_00387,2026-08-17,-205.06
rfnd_00010,REFUND,pout_00016,razorpay,pay_00365,2026-08-17,-3744.82
ch_00390,CHARGE,pout_00017,razorpay,pay_00389,2026-08-27,3234.43
fee_00195,FEE,pout_00017,razorpay,pay_00389,2026-08-27,-79.63
ch_00392,CHARGE,pout_00017,razorpay,pay_00391,2026-08-28,2313.04
fee_00196,FEE,pout_00017,razorpay,pay_00391,2026-08-28,-57.51
ch_00394,CHARGE,pout_00017,razorpay,pay_00393,2026-08-28,8263.14
fee_00197,FEE,pout_00017,razorpay,pay_00393,2026-08-28,-200.32
ch_00396,CHARGE,pout_00017,razorpay,pay_00395,2026-08-28,6057.20
fee_00198,FEE,pout_00017,razorpay,pay_00395,2026-08-28,-147.37
ch_00398,CHARGE,pout_00017,razorpay,pay_00397,2026-08-29,3808.89
fee_00199,FEE,pout_00017,razorpay,pay_00397,2026-08-29,-93.41
ch_00400,CHARGE,pout_00017,razorpay,pay_00399,2026-08-27,3902.31
fee_00200,FEE,pout_00017,razorpay,pay_00399,2026-08-27,-95.66
ch_00402,CHARGE,pout_00017,razorpay,pay_00401,2026-08-28,8841.92
fee_00201,FEE,pout_00017,razorpay,pay_00401,2026-08-28,-214.21
ch_00404,CHARGE,pout_00017,razorpay,pay_00403,2026-08-27,5845.66
fee_00202,FEE,pout_00017,razorpay,pay_00403,2026-08-27,-142.30
ch_00406,CHARGE,pout_00018,cashfree,pay_00405,2026-08-21,398.85
fee_00203,FEE,pout_00018,cashfree,pay_00405,2026-08-21,-11.38
ch_00408,CHARGE,pout_00018,cashfree,pay_00407,2026-08-22,7113.52
fee_00204,FEE,pout_00018,cashfree,pay_00407,2026-08-22,-152.38
ch_00410,CHARGE,pout_00018,cashfree,pay_00409,2026-08-22,428.18
fee_00205,FEE,pout_00018,cashfree,pay_00409,2026-08-22,-11.99
ch_00412,CHARGE,pout_00018,cashfree,pay_00411,2026-08-22,1295.12
fee_00206,FEE,pout_00018,cashfree,pay_00411,2026-08-22,-30.20
ch_00414,CHARGE,pout_00018,cashfree,pay_00413,2026-08-21,1653.24
fee_00207,FEE,pout_00018,cashfree,pay_00413,2026-08-21,-37.72
ch_00416,CHARGE,pout_00018,cashfree,pay_00415,2026-08-22,2929.77
fee_00208,FEE,pout_00018,cashfree,pay_00415,2026-08-22,-64.53
ch_00418,CHARGE,pout_00018,cashfree,pay_00417,2026-08-22,7001.96
fee_00209,FEE,pout_00018,cashfree,pay_00417,2026-08-22,-150.04
ch_00420,CHARGE,pout_00018,cashfree,pay_00419,2026-08-22,3162.17
fee_00210,FEE,pout_00018,cashfree,pay_00419,2026-08-22,-69.41
ch_00422,CHARGE,pout_00018,cashfree,pay_00421,2026-08-22,6005.25
fee_00211,FEE,pout_00018,cashfree,pay_00421,2026-08-22,-129.11
ch_00424,CHARGE,pout_00018,cashfree,pay_00423,2026-08-22,244.63
fee_00212,FEE,pout_00018,cashfree,pay_00423,2026-08-22,-8.14
rfnd_00011,REFUND,pout_00018,cashfree,pay_00423,2026-08-23,-244.63
ch_00426,CHARGE,pout_00019,cashfree,pay_00425,2026-08-20,2367.69
fee_00213,FEE,pout_00019,cashfree,pay_00425,2026-08-20,-52.72
ch_00428,CHARGE,pout_00019,cashfree,pay_00427,2026-08-19,3503.43
fee_00214,FEE,pout_00019,cashfree,pay_00427,2026-08-19,-76.57
ch_00430,CHARGE,pout_00019,cashfree,pay_00429,2026-08-20,7832.92
fee_00215,FEE,pout_00019,cashfree,pay_00429,2026-08-20,-167.49
ch_00432,CHARGE,pout_00019,cashfree,pay_00431,2026-08-19,1821.45
fee_00216,FEE,pout_00019,cashfree,pay_00431,2026-08-19,-41.25
ch_00434,CHARGE,pout_00019,cashfree,pay_00433,2026-08-19,5769.56
fee_00217,FEE,pout_00019,cashfree,pay_00433,2026-08-19,-124.16
ch_00436,CHARGE,pout_00019,cashfree,pay_00435,2026-08-19,344.41
fee_00218,FEE,pout_00019,cashfree,pay_00435,2026-08-19,-10.23
ch_00438,CHARGE,pout_00019,cashfree,pay_00437,2026-08-19,4846.15
fee_00219,FEE,pout_00019,cashfree,pay_00437,2026-08-19,-104.77
ch_00440,CHARGE,pout_00019,cashfree,pay_00439,2026-08-20,2769.62
fee_00220,FEE,pout_00019,cashfree,pay_00439,2026-08-20,-61.16
ch_00442,CHARGE,pout_00019,cashfree,pay_00441,2026-08-18,8638.08
fee_00221,FEE,pout_00019,cashfree,pay_00441,2026-08-18,-184.40
rfnd_00012,REFUND,pout_00019,cashfree,pay_00431,2026-08-20,-1821.45
rfnd_00013,REFUND,pout_00019,cashfree,pay_00433,2026-08-20,-5769.56
ch_00444,CHARGE,pout_00020,cashfree,pay_00443,2026-08-04,484.17
fee_00222,FEE,pout_00020,cashfree,pay_00443,2026-08-04,-13.17
ch_00446,CHARGE,pout_00020,cashfree,pay_00445,2026-08-05,3475.66
fee_00223,FEE,pout_00020,cashfree,pay_00445,2026-08-05,-75.99
ch_00448,CHARGE,pout_00020,cashfree,pay_00447,2026-08-06,4508.85
fee_00224,FEE,pout_00020,cashfree,pay_00447,2026-08-06,-97.69
ch_00450,CHARGE,pout_00020,cashfree,pay_00449,2026-08-06,5776.10
fee_00225,FEE,pout_00020,cashfree,pay_00449,2026-08-06,-124.30
ch_00452,CHARGE,pout_00020,cashfree,pay_00451,2026-08-05,2657.92
fee_00226,FEE,pout_00020,cashfree,pay_00451,2026-08-05,-58.82
ch_00454,CHARGE,pout_00020,cashfree,pay_00453,2026-08-06,7195.94
fee_00227,FEE,pout_00020,cashfree,pay_00453,2026-08-06,-154.11
ch_00456,CHARGE,pout_00020,cashfree,pay_00455,2026-08-04,3441.07
fee_00228,FEE,pout_00020,cashfree,pay_00455,2026-08-04,-75.26
ch_00458,CHARGE,pout_00020,cashfree,pay_00457,2026-08-06,544.75
fee_00229,FEE,pout_00020,cashfree,pay_00457,2026-08-06,-14.44
ch_00460,CHARGE,pout_00021,razorpay,pay_00459,2026-08-26,4237.43
fee_00230,FEE,pout_00021,razorpay,pay_00459,2026-08-26,-103.70
ch_00462,CHARGE,pout_00021,razorpay,pay_00461,2026-08-25,2101.73
fee_00231,FEE,pout_00021,razorpay,pay_00461,2026-08-25,-52.44
ch_00464,CHARGE,pout_00021,razorpay,pay_00463,2026-08-24,337.98
fee_00232,FEE,pout_00021,razorpay,pay_00463,2026-08-24,-10.11
ch_00466,CHARGE,pout_00021,razorpay,pay_00465,2026-08-25,769.73
fee_00233,FEE,pout_00021,razorpay,pay_00465,2026-08-25,-20.47
ch_00468,CHARGE,pout_00021,razorpay,pay_00467,2026-08-26,8311.11
fee_00234,FEE,pout_00021,razorpay,pay_00467,2026-08-26,-201.47
ch_00470,CHARGE,pout_00021,razorpay,pay_00469,2026-08-25,6381.78
fee_00235,FEE,pout_00021,razorpay,pay_00469,2026-08-25,-155.16
ch_00472,CHARGE,pout_00021,razorpay,pay_00471,2026-08-24,3936.49
fee_00236,FEE,pout_00021,razorpay,pay_00471,2026-08-24,-96.48
ch_00474,CHARGE,pout_00021,razorpay,pay_00473,2026-08-24,7836.42
fee_00237,FEE,pout_00021,razorpay,pay_00473,2026-08-24,-190.07
ch_00476,CHARGE,pout_00022,razorpay,pay_00475,2026-08-05,716.05
fee_00238,FEE,pout_00022,razorpay,pay_00475,2026-08-05,-19.19
ch_00478,CHARGE,pout_00022,razorpay,pay_00477,2026-08-05,5120.04
fee_00239,FEE,pout_00022,razorpay,pay_00477,2026-08-05,-124.88
ch_00480,CHARGE,pout_00022,razorpay,pay_00479,2026-08-04,8254.85
fee_00240,FEE,pout_00022,razorpay,pay_00479,2026-08-04,-200.12
ch_00482,CHARGE,pout_00022,razorpay,pay_00481,2026-08-04,490.17
fee_00241,FEE,pout_00022,razorpay,pay_00481,2026-08-04,-13.76
ch_00484,CHARGE,pout_00022,razorpay,pay_00483,2026-08-05,2737.56
fee_00242,FEE,pout_00022,razorpay,pay_00483,2026-08-05,-67.70
ch_00486,CHARGE,pout_00022,razorpay,pay_00485,2026-08-05,5244.59
fee_00243,FEE,pout_00022,razorpay,pay_00485,2026-08-05,-127.87
ch_00488,CHARGE,pout_00022,razorpay,pay_00487,2026-08-05,7550.79
fee_00244,FEE,pout_00022,razorpay,pay_00487,2026-08-05,-183.22
ch_00490,CHARGE,pout_00022,razorpay,pay_00489,2026-08-03,7418.32
fee_00245,FEE,pout_00022,razorpay,pay_00489,2026-08-03,-180.04
ch_00492,CHARGE,pout_00022,razorpay,pay_00491,2026-08-03,7978.20
fee_00246,FEE,pout_00022,razorpay,pay_00491,2026-08-03,-193.48
rfnd_00014,REFUND,pout_00022,razorpay,pay_00475,2026-08-05,-716.05
ch_00495,CHARGE,,razorpay,pay_00494,2026-08-27,41000.00
fee_00248,FEE,,razorpay,pay_00494,2026-08-27,-986.00
ch_00497,CHARGE,,razorpay,pay_00496,2026-08-27,48400.00
fee_00249,FEE,,razorpay,pay_00496,2026-08-27,-1163.60
ch_00499,CHARGE,,razorpay,pay_00498,2026-08-27,44200.00
fee_00250,FEE,,razorpay,pay_00498,2026-08-27,-1062.80
ch_00501,CHARGE,,razorpay,pay_00500,2026-08-27,45200.00
fee_00251,FEE,,razorpay,pay_00500,2026-08-27,-1086.80
